{
  "accuracy": 0.9205,
  "precision": 0.914081733136386,
  "recall": 0.92825,
  "f1_score": 0.9211113867526668,
  "roc_auc": 0.9766972812500001
}