{
  "accuracy": 0.8835,
  "precision": 0.8662846227316141,
  "recall": 0.907,
  "f1_score": 0.8861748900830484,
  "roc_auc": 0.952715845
}